sensor,unit,RMSE,MAE,R2,Bias,StdErr,n,RMSE_CI_lo,RMSE_CI_hi,MAE_CI_lo,MAE_CI_hi,R2_CI_lo,R2_CI_hi,Bias_CI_lo,Bias_CI_hi,cal_slope,cal_intercept,cal_slope_CI_lo,cal_slope_CI_hi,cal_intercept_CI_lo,cal_intercept_CI_hi,cal_r,BA_bias,BA_loa_lo,BA_loa_hi
TDS (NFADS),ppm,41.5795279297053,31.666666666666668,0.9460405947165466,24.80952380952381,33.77128098369837,42,30.60594149817026,50.327272172575974,23.939880952380953,39.06130952380952,0.9251319532721728,0.9618312043087242,14.773214285714287,34.19523809523809,1.1160690285982173,-48.032082280757436,1.0694563848283487,1.162681672368086,-78.45146136119445,-17.61270320032043,0.991567240996483,24.80952380952381,-41.382186918524994,91.00123453757261
Water Temp (NFADS),°C,1.9574811351239627,1.4025352112676057,-5.4605513878682865,-1.392394366197183,1.3807228703801249,142,1.4981144594827047,2.5599033420177157,1.193142605633803,1.637426056338028,-10.384493145450072,-2.591501950170696,-1.627945422535211,-1.1865017605633805,0.16459267690391471,25.805291172723518,-0.09927265442684502,0.42845800823467445,17.21243625157878,34.398146093868256,0.10366601260298752,-1.392394366197183,-4.0986111921422275,1.3138224597478618
Air Temp (EMS),°C,0.33541019662496896,0.29166666666666685,-4.276872964169432,-0.2861111111111112,0.1775271050174404,36,0.2763598163721137,0.3829888044847766,0.2346527777777775,0.3444444444444444,-10.144392633164376,-2.1644983575667536,-0.3416666666666673,-0.2235416666666666,0.15635179153094625,27.78628302569665,-0.1405031785149543,0.4532067615768468,17.90833879970966,37.66422725168364,0.18055038914911073,-0.2861111111111112,-0.6340642369452945,0.06184201472307199
Lux (LMS),lux,2660.5582235856027,2207.9840637450197,0.7841839973285366,2207.981407702523,1485.3680358017423,753,2569.449710225138,2758.460140281903,2110.2488379814076,2315.777357237716,0.7689164254555331,0.7976432014165971,2110.242264276228,2315.7745683930943,1.2578439340418672,185.19574514407577,1.2559556570152042,1.2597322110685303,166.85483716502267,203.53665312312887,0.9997804933533622,2207.981407702523,-703.3399424688919,5119.302757873938
