test,RMSE,MAE,R2,RMSE_95CI,k,b
EC-TDS dual probe,36.753295158657146,6.554843263727607,0.9803336269317823,"[32.5,41.3]",0.49498104482218697,6.478858894495261
