k_fitted,b_fitted,pearson_r,max_abs_residual_ppm,rmse_formula_ppm,note
0.49498104482218697,6.478858894495261,0.9901179863691913,1059.2077341738297,36.753295158657146,Same sensor — formula check only
