RMSE,MAE,R2,n,target,RMSE_CI_lo,RMSE_CI_hi
4.733078425633793,2.457680414910371,-0.12626754562294296,245,waterTemp,3.3398470553399897,5.990072345378289
